"filename", "language", "TypeScript", "Markdown", "JSON with Comments", "JavaScript", "JSON", "TypeScript JSX", "XML", "CSS", "comment", "blank", "total"
"d:\translexabl\README.md", "Markdown", 0, 23, 0, 0, 0, 0, 0, 0, 0, 14, 37
"d:\translexabl\TRANSLATION_TEST_README.md", "Markdown", 0, 119, 0, 0, 0, 0, 0, 0, 0, 31, 150
"d:\translexabl\app\about\page.tsx", "TypeScript JSX", 0, 0, 0, 0, 0, 182, 0, 0, 6, 21, 209
"d:\translexabl\app\admin\blogs\page.tsx", "TypeScript JSX", 0, 0, 0, 0, 0, 514, 0, 0, 11, 57, 582
"d:\translexabl\app\admin\page.tsx", "TypeScript JSX", 0, 0, 0, 0, 0, 238, 0, 0, 5, 25, 268
"d:\translexabl\app\admin\transactions\page.tsx", "TypeScript JSX", 0, 0, 0, 0, 0, 644, 0, 0, 23, 58, 725
"d:\translexabl\app\admin\users\page.tsx", "TypeScript JSX", 0, 0, 0, 0, 0, 464, 0, 0, 11, 45, 520
"d:\translexabl\app\api\admin\blogs\[id]\route.ts", "TypeScript", 85, 0, 0, 0, 0, 0, 0, 0, 4, 14, 103
"d:\translexabl\app\api\admin\blogs\route.ts", "TypeScript", 151, 0, 0, 0, 0, 0, 0, 0, 8, 18, 177
"d:\translexabl\app\api\admin\dashboard-stats\route.ts", "TypeScript", 47, 0, 0, 0, 0, 0, 0, 0, 4, 8, 59
"d:\translexabl\app\api\admin\transactions\route.ts", "TypeScript", 157, 0, 0, 0, 0, 0, 0, 0, 4, 8, 169
"d:\translexabl\app\api\admin\users\[id]\route.ts", "TypeScript", 85, 0, 0, 0, 0, 0, 0, 0, 4, 14, 103
"d:\translexabl\app\api\admin\users\route.ts", "TypeScript", 124, 0, 0, 0, 0, 0, 0, 0, 5, 9, 138
"d:\translexabl\app\api\auth\forgot-password\route.ts", "TypeScript", 51, 0, 0, 0, 0, 0, 0, 0, 4, 9, 64
"d:\translexabl\app\api\auth\login\route.ts", "TypeScript", 75, 0, 0, 0, 0, 0, 0, 0, 7, 12, 94
"d:\translexabl\app\api\auth\logout\route.ts", "TypeScript", 34, 0, 0, 0, 0, 0, 0, 0, 1, 5, 40
"d:\translexabl\app\api\auth\register\route.ts", "TypeScript", 33, 0, 0, 0, 0, 0, 0, 0, 1, 6, 40
"d:\translexabl\app\api\auth\reset-password\route.ts", "TypeScript", 59, 0, 0, 0, 0, 0, 0, 0, 5, 10, 74
"d:\translexabl\app\api\auth\verify-email\route.ts", "TypeScript", 33, 0, 0, 0, 0, 0, 0, 0, 1, 6, 40
"d:\translexabl\app\api\blogs\[id]\route.ts", "TypeScript", 58, 0, 0, 0, 0, 0, 0, 0, 3, 11, 72
"d:\translexabl\app\api\blogs\route.ts", "TypeScript", 38, 0, 0, 0, 0, 0, 0, 0, 2, 8, 48
"d:\translexabl\app\api\download-translated\[fileId]\route.ts", "TypeScript", 39, 0, 0, 0, 0, 0, 0, 0, 3, 7, 49
"d:\translexabl\app\api\paymob\config\route.ts", "TypeScript", 17, 0, 0, 0, 0, 0, 0, 0, 0, 3, 20
"d:\translexabl\app\api\paymob\initiate\route.ts", "TypeScript", 114, 0, 0, 0, 0, 0, 0, 0, 4, 13, 131
"d:\translexabl\app\api\paymob\transaction\[id]\route.ts", "TypeScript", 31, 0, 0, 0, 0, 0, 0, 0, 0, 4, 35
"d:\translexabl\app\api\paymob\webhook\route.ts", "TypeScript", 288, 0, 0, 0, 0, 0, 0, 0, 43, 54, 385
"d:\translexabl\app\api\transactions\[tid]\route.ts", "TypeScript", 75, 0, 0, 0, 0, 0, 0, 0, 6, 13, 94
"d:\translexabl\app\api\translate-document\route.ts", "TypeScript", 140, 0, 0, 0, 0, 0, 0, 0, 9, 25, 174
"d:\translexabl\app\api\translate-gemini\route.ts", "TypeScript", 178, 0, 0, 0, 0, 0, 0, 0, 18, 29, 225
"d:\translexabl\app\api\translate\route.ts", "TypeScript", 115, 0, 0, 0, 0, 0, 0, 0, 8, 20, 143
"d:\translexabl\app\api\user\profile\route.ts", "TypeScript", 41, 0, 0, 0, 0, 0, 0, 0, 3, 7, 51
"d:\translexabl\app\api\users\[userId]\transactions\route.ts", "TypeScript", 45, 0, 0, 0, 0, 0, 0, 0, 4, 9, 58
"d:\translexabl\app\blogs\[id]\page.tsx", "TypeScript JSX", 0, 0, 0, 0, 0, 258, 0, 0, 16, 27, 301
"d:\translexabl\app\blogs\page.tsx", "TypeScript JSX", 0, 0, 0, 0, 0, 268, 0, 0, 13, 26, 307
"d:\translexabl\app\dashboard\page.tsx", "TypeScript JSX", 0, 0, 0, 0, 0, 146, 0, 0, 5, 14, 165
"d:\translexabl\app\forgot-password\page.tsx", "TypeScript JSX", 0, 0, 0, 0, 0, 291, 0, 0, 2, 27, 320
"d:\translexabl\app\globals.css", "CSS", 0, 0, 0, 0, 0, 0, 0, 360, 13, 70, 443
"d:\translexabl\app\history\page.tsx", "TypeScript JSX", 0, 0, 0, 0, 0, 330, 0, 0, 13, 28, 371
"d:\translexabl\app\layout.tsx", "TypeScript JSX", 0, 0, 0, 0, 0, 48, 0, 0, 0, 5, 53
"d:\translexabl\app\login\page.tsx", "TypeScript JSX", 0, 0, 0, 0, 0, 192, 0, 0, 4, 21, 217
"d:\translexabl\app\page.tsx", "TypeScript JSX", 0, 0, 0, 0, 0, 247, 0, 0, 10, 22, 279
"d:\translexabl\app\payment\failure\page.tsx", "TypeScript JSX", 0, 0, 0, 0, 0, 145, 0, 0, 1, 13, 159
"d:\translexabl\app\payment\success\page.tsx", "TypeScript JSX", 0, 0, 0, 0, 0, 121, 0, 0, 1, 11, 133
"d:\translexabl\app\pricing\page.tsx", "TypeScript JSX", 0, 0, 0, 0, 0, 437, 0, 0, 18, 42, 497
"d:\translexabl\app\profile\page.tsx", "TypeScript JSX", 0, 0, 0, 0, 0, 507, 0, 0, 10, 55, 572
"d:\translexabl\app\providers.tsx", "TypeScript JSX", 0, 0, 0, 0, 0, 22, 0, 0, 0, 3, 25
"d:\translexabl\app\register\page.tsx", "TypeScript JSX", 0, 0, 0, 0, 0, 447, 0, 0, 13, 37, 497
"d:\translexabl\app\reset-password\page.tsx", "TypeScript JSX", 0, 0, 0, 0, 0, 178, 0, 0, 2, 13, 193
"d:\translexabl\app\test-payment\page.tsx", "TypeScript JSX", 0, 0, 0, 0, 0, 413, 0, 0, 16, 39, 468
"d:\translexabl\app\test-translate-gemini\page.tsx", "TypeScript JSX", 0, 0, 0, 0, 0, 582, 0, 0, 26, 39, 647
"d:\translexabl\app\translate-docs\page.tsx", "TypeScript JSX", 0, 0, 0, 0, 0, 753, 0, 0, 43, 81, 877
"d:\translexabl\app\translate-txt\page.tsx", "TypeScript JSX", 0, 0, 0, 0, 0, 601, 0, 0, 35, 55, 691
"d:\translexabl\app\verify-email\page.tsx", "TypeScript JSX", 0, 0, 0, 0, 0, 212, 0, 0, 3, 26, 241
"d:\translexabl\components\auth\auth-layout.tsx", "TypeScript JSX", 0, 0, 0, 0, 0, 11, 0, 0, 0, 2, 13
"d:\translexabl\components\layout\footer.tsx", "TypeScript JSX", 0, 0, 0, 0, 0, 144, 0, 0, 7, 15, 166
"d:\translexabl\components\layout\navbar.tsx", "TypeScript JSX", 0, 0, 0, 0, 0, 307, 0, 0, 22, 25, 354
"d:\translexabl\components\ui\alert.tsx", "TypeScript JSX", 0, 0, 0, 0, 0, 42, 0, 0, 0, 5, 47
"d:\translexabl\components\ui\badge.tsx", "TypeScript JSX", 0, 0, 0, 0, 0, 31, 0, 0, 0, 5, 36
"d:\translexabl\components\ui\button.tsx", "TypeScript JSX", 0, 0, 0, 0, 0, 51, 0, 0, 0, 5, 56
"d:\translexabl\components\ui\card.tsx", "TypeScript JSX", 0, 0, 0, 0, 0, 64, 0, 0, 0, 8, 72
"d:\translexabl\components\ui\dropdown-menu.tsx", "TypeScript JSX", 0, 0, 0, 0, 0, 58, 0, 0, 0, 9, 67
"d:\translexabl\components\ui\input.tsx", "TypeScript JSX", 0, 0, 0, 0, 0, 21, 0, 0, 0, 4, 25
"d:\translexabl\components\ui\label.tsx", "TypeScript JSX", 0, 0, 0, 0, 0, 19, 0, 0, 0, 4, 23
"d:\translexabl\components\ui\separator.tsx", "TypeScript JSX", 0, 0, 0, 0, 0, 20, 0, 0, 0, 3, 23
"d:\translexabl\eslint.config.mjs", "JavaScript", 0, 0, 0, 12, 0, 0, 0, 0, 0, 5, 17
"d:\translexabl\hooks\useAuth.ts", "TypeScript", 71, 0, 0, 0, 0, 0, 0, 0, 3, 11, 85
"d:\translexabl\hooks\useBlogPost.ts", "TypeScript", 52, 0, 0, 0, 0, 0, 0, 0, 1, 7, 60
"d:\translexabl\hooks\useBlogPosts.ts", "TypeScript", 57, 0, 0, 0, 0, 0, 0, 0, 1, 8, 66
"d:\translexabl\hooks\useTransactionMutations.ts", "TypeScript", 83, 0, 0, 0, 0, 0, 0, 0, 6, 16, 105
"d:\translexabl\hooks\useTransactions.ts", "TypeScript", 98, 0, 0, 0, 0, 0, 0, 0, 5, 12, 115
"d:\translexabl\lib\auth-utils.ts", "TypeScript", 23, 0, 0, 0, 0, 0, 0, 0, 13, 6, 42
"d:\translexabl\lib\daily-limit-utils.ts", "TypeScript", 73, 0, 0, 0, 0, 0, 0, 0, 5, 17, 95
"d:\translexabl\lib\file-store.ts", "TypeScript", 46, 0, 0, 0, 0, 0, 0, 0, 8, 10, 64
"d:\translexabl\lib\paymob.ts", "TypeScript", 323, 0, 0, 0, 0, 0, 0, 0, 35, 40, 398
"d:\translexabl\lib\utils.ts", "TypeScript", 5, 0, 0, 0, 0, 0, 0, 0, 0, 1, 6
"d:\translexabl\next.config.ts", "TypeScript", 7, 0, 0, 0, 0, 0, 0, 0, 0, 3, 10
"d:\translexabl\package-lock.json", "JSON", 0, 0, 0, 0, 6908, 0, 0, 0, 0, 1, 6909
"d:\translexabl\package.json", "JSON", 0, 0, 0, 0, 39, 0, 0, 0, 0, 1, 40
"d:\translexabl\postcss.config.mjs", "JavaScript", 0, 0, 0, 4, 0, 0, 0, 0, 0, 2, 6
"d:\translexabl\public\file.svg", "XML", 0, 0, 0, 0, 0, 0, 1, 0, 0, 0, 1
"d:\translexabl\public\globe.svg", "XML", 0, 0, 0, 0, 0, 0, 1, 0, 0, 0, 1
"d:\translexabl\public\next.svg", "XML", 0, 0, 0, 0, 0, 0, 1, 0, 0, 0, 1
"d:\translexabl\public\vercel.svg", "XML", 0, 0, 0, 0, 0, 0, 1, 0, 0, 0, 1
"d:\translexabl\public\window.svg", "XML", 0, 0, 0, 0, 0, 0, 1, 0, 0, 0, 1
"d:\translexabl\test-paymob-api.js", "JavaScript", 0, 0, 0, 104, 0, 0, 0, 0, 10, 15, 129
"d:\translexabl\tsconfig.json", "JSON with Comments", 0, 0, 28, 0, 0, 0, 0, 0, 0, 1, 29
"Total", "-", 2951, 142, 28, 120, 6947, 9008, 5, 360, 567, 1468, 21596